Approx;Chronicle;Test Site;SubCatchment;MSE Test;R2 Test;P Real;P pred
0;0;7;3;0.004977357721919637;-0.347141978608271;150.0;330.0
0;0;7;5;0.050354724507751504;-1.500574699750644;100.0;3652.0
0;0;7;6;0.021045707527877593;-0.786633843547685;125.0;3652.0
0;0;7;7;0.06083412553795946;-1.515018265268242;60.0;3652.0
0;0;7;8;0.0025851524672948446;-1.7533827809107718;3652.0;3652.0
0;0;7;9;0.965464457660283;-0.8785209535644278;30.0;365.0
0;0;7;10;0.005559424650502602;0.19172005361668887;125.0;75.0
